{
  "hash": "8db982a1",
  "configHash": "0c6b88b6",
  "lockfileHash": "6453de24",
  "browserHash": "52a2ce3f",
  "optimized": {
    "@angular/core": {
      "src": "../../../../../../node_modules/@angular/core/fesm2022/core.mjs",
      "file": "@angular_core.js",
      "fileHash": "9b719a33",
      "needsInterop": false
    },
    "@angular/platform-browser": {
      "src": "../../../../../../node_modules/@angular/platform-browser/fesm2022/platform-browser.mjs",
      "file": "@angular_platform-browser.js",
      "fileHash": "c1dddf13",
      "needsInterop": false
    },
    "@angular/router": {
      "src": "../../../../../../node_modules/@angular/router/fesm2022/router.mjs",
      "file": "@angular_router.js",
      "fileHash": "fc0af19f",
      "needsInterop": false
    },
    "@angular/common": {
      "src": "../../../../../../node_modules/@angular/common/fesm2022/common.mjs",
      "file": "@angular_common.js",
      "fileHash": "fd4372e6",
      "needsInterop": false
    },
    "@angular/forms": {
      "src": "../../../../../../node_modules/@angular/forms/fesm2022/forms.mjs",
      "file": "@angular_forms.js",
      "fileHash": "dca81a0d",
      "needsInterop": false
    },
    "@angular/common/http": {
      "src": "../../../../../../node_modules/@angular/common/fesm2022/http.mjs",
      "file": "@angular_common_http.js",
      "fileHash": "12944ba9",
      "needsInterop": false
    }
  },
  "chunks": {
    "chunk-I56QQK4M": {
      "file": "chunk-I56QQK4M.js"
    },
    "chunk-MWJ76KEP": {
      "file": "chunk-MWJ76KEP.js"
    },
    "chunk-4ZICNT4A": {
      "file": "chunk-4ZICNT4A.js"
    },
    "chunk-6PDN4FSY": {
      "file": "chunk-6PDN4FSY.js"
    },
    "chunk-PR7ILNDV": {
      "file": "chunk-PR7ILNDV.js"
    }
  }
}